From;To;Type;Through;start_x;start_y;stop_x;stop_y;Comment
7766;12;sea;1258;-1;-1;-1;-1;Skåne-Sjaelland
7768;14;sea;5494;-1;-1;-1;-1;Sjaelland-Fyn
14;4142;sea;5494;-1;-1;-1;-1;Fyn-Aarhus
14;4149;sea;5494;-1;-1;-1;-1;Fyn-Kolding
3134;14;sea;5494;-1;-1;-1;-1;Aabenraa-Fyn
14;7614;sea;5494;-1;-1;-1;-1;Fyn-Langeland
7614;1983;sea;5494;-1;-1;-1;-1;Langeland-Lolland
7610;1983;sea;5494;-1;-1;-1;-1;Sjaelland-Lolland
123;124;sea;1307;-1;-1;-1;-1;Calabria-Messina
55;1874;sea;8392;-1;-1;-1;-1;Oldenburg-Bremen
7125;3175;sea;8358;-1;-1;-1;-1;Lefkada-Aetolia
7868;309;sea;8368;-1;-1;-1;-1;Mokrishvitsa-Olonets
6929;236;sea;6925;-1;-1;-1;-1;Lambeth-London
183;6927;sea;8315;-1;-1;-1;-1;Paris-Ile-de-la-Cite
6927;6924;sea;8315;-1;-1;-1;-1;Ile-de-la-Cite-Ile-Saint-Louis
6924;6928;sea;8315;-1;-1;-1;-1;Ile-Saint-Louis-Arsenal
6927;7960;sea;8315;-1;-1;-1;-1;Ile-de-la-Cite-Sorbonne
7771;7607;sea;5499;-1;-1;-1;-1;Ringkobing-Hjorring
6462;6449;sea;1389;-1;-1;-1;-1;Shimabara-Amakusa
8168;375;sea;1287;-1;-1;-1;-1;Tralee-Limerick
6932;3992;sea;6359;-1;-1;-1;-1;Galata-Bithynia
911;945;sea;1662;-1;-1;-1;-1;Menominee-Michigan
1;1930;sea;1928;-1;-1;-1;-1;Stockholm-Åland
1930;27;sea;1928;-1;-1;-1;-1;Åland-Finland
4110;369;sea;1299;-1;-1;-1;-1;Sutherland-Orkney
8431;171;sea;1275;-1;-1;-1;-1;Belle Ile-Vannetais
8433;4386;sea;1275;-1;-1;-1;-1;Ile de Re-Fontenay
172;7992;sea;8319;-1;-1;-1;-1;Nantais-Retz
8435;174;sea;8313;-1;-1;-1;-1;Royan-Bordeaux
96;8518;sea;8328;-1;-1;-1;-1;Zeeland-Terneuzen
2975;3199;sea;8357;-1;-1;-1;-1;Kleve-Essen
1760;7536;sea;8329;-1;-1;-1;-1;Koblenz-Nastatten
8471;74;sea;8356;-1;-1;-1;-1;Kaiserslautern-Baden
1767;8188;sea;3010;-1;-1;-1;-1;Szlavonia-Zombor
4706;1756;sea;8344;-1;-1;-1;-1;Tulcea-Basarabia
7451;7452;sea;7296;-1;-1;-1;-1;Afula-Irbid
361;5264;sea;8339;-1;-1;-1;-1;Qahira-Giza
5267;6574;sea;8339;-1;-1;-1;-1;Beni_Suef-Sandafa
5181;364;sea;6548;-1;-1;-1;-1;Nekhel-Gazzah
7183;4353;sea;1397;-1;-1;-1;-1;Biliran-Leyte
6983;8282;sea;1395;-1;-1;-1;-1;Bataan-Cavite
1146;1145;sea;7303;-1;-1;-1;-1;Ife-Nupe
988;944;sea;7342;-1;-1;-1;-1;Simcoe-Detroit
2584;993;sea;7340;-1;-1;-1;-1;Osheaga-Weskarini
994;2583;sea;7340;-1;-1;-1;-1;Quebec-Shawenigane
961;989;sea;7340;-1;-1;-1;-1;Fort Stanwix-Cataraqui
8434;4111;sea;1275;-1;-1;-1;-1;Saint Georges d'Oleron-Aunis
8434;8435;sea;1275;-1;-1;-1;-1;Saint Georges d'Oleron-Royan
3085;7894;sea;8316;-1;-1;-1;-1;Nimes-Arles
7438;7442;sea;1272;-1;-1;-1;-1;Isles of White-Portsmouth
7438;234;sea;1272;-1;-1;-1;-1;Isles of White-Hampshire
3243;2411;sea;3016;-1;-1;-1;-1;Nikitin-Zaporizhzhia
3242;7256;sea;3017;-1;-1;-1;-1;Buhogard-Kremenchuk
303;2418;sea;6358;-1;-1;-1;-1;Saratov-Ukek
1971;466;sea;6357;-1;-1;-1;-1;Beljamen-Sarai
8660;464;sea;8365;-1;-1;-1;-1;Ikryanoe-Astrakhan
1081;473;sea;8366;-1;-1;-1;-1;Ikryanoe-Uryupin
8663;5655;sea;6353;-1;-1;-1;-1;Cherepovets-Sheksna
288;3264;sea;8362;-1;-1;-1;-1;Lower Don-Sarkel
288;3265;sea;8363;-1;-1;-1;-1;Lower Don-Shir
7196;2411;sea;3016;-1;-1;-1;-1;Ekaterinoslav-Zaporizhzhia
3243;1974;sea;8360;-1;-1;-1;-1;Nikitin Rog-Yedi Shkul
4340;421;sea;6361;-1;-1;-1;-1;Talysh - Shirvan
7237;4115;sea;7237;-1;-1;-1;-1;Brahin - Gomel
3020;8365;canal;1971;-1;-1;-1;-1;don_and_volga_canal
1365;1347;canal;2390;-1;-1;-1;-1;kra_canal
1660;1659;canal;987;-1;-1;-1;-1;welland_canal
5549;1305;canal;5312;-1;-1;-1;-1;djerid_canal
2975;7528;sea;8357;-1;-1;-1;-1;Cleve-Borken
7954;5122;sea;8352;-1;-1;-1;-1;Helder-Alkmaaran
97;6951;sea;8352;-1;-1;-1;-1;Amsterdam-Hoorn
97;5115;sea;8352;-1;-1;-1;-1;Amsterdam-Haarlem
7954;100;sea;8326;-1;-1;-1;-1;Helder-Friesland
96;5182;sea;8328;-1;-1;-1;-1;Zeeland-Quddorp
5182;4383;sea;8328;-1;-1;-1;-1;Quddorp-Den Haag
95;5128;sea;8328;-1;-1;-1;-1;Breda-Beijerland
5128;8112;sea;8328;-1;-1;-1;-1;Beijerland-Rotterdam
96;95;sea;8328;-1;-1;-1;-1;Zeeland-Breda
96;8021;sea;8328;-1;-1;-1;-1;Zeeland-Hulst
100;7954;sea;8326;-1;-1;-1;-1;Frisia-Helder
3060;99;sea;8357;-1;-1;-1;-1;Nijmegen-Gelre
4770;7975;sea;8357;-1;-1;-1;-1;'sHertogenbosch - Dort
78;7547;sea;8329;-1;-1;-1;-1;Frankfurt - Russelsheim
85;84;sea;8357;-1;-1;-1;-1;Koln - Berg
6933;6934;sea;1559;-1;-1;-1;-1;Kiis Gwaay - Gwaay Haanas
7769;7608;sea;5494;-1;-1;-1;-1;Randers-Samso
43;1841;sea;7310;-1;-1;-1;-1;Danzig - Marienburg
1984;7607;sea;5499;-1;-1;-1;-1;Aalborg - Hjorring
113;7076;sea;7309;-1;-1;-1;-1;Ferrara - Chioggia
8454;3040;sea;1298;-1;-1;-1;-1;Elba - Piombino
75;72;sea;8356;-1;-1;-1;-1;Strassbourg - Friebourg
6974;153;sea;3011;-1;-1;-1;-1;Buda - Pest
4239;1954;sea;3010;-1;-1;-1;-1;Belgrade - Pancevo
2746;7748;sea;8354;-1;-1;-1;-1;Vidin - Calafat
7754;150;sea;8354;-1;-1;-1;-1;Turnu - Nigbolu
159;4531;sea;3004;-1;-1;-1;-1;Silistre - Giurgiu
4180;5703;sea;1390;-1;-1;-1;-1;Hyuga - Osumi Islands
5701;1015;sea;1392;-1;-1;-1;-1;Amami - Okinawa
1015;5702;sea;1392;-1;-1;-1;-1;Okinawa - Sakishima
1818;6465;sea;1390;-1;-1;-1;-1;Chikuzen - Nagato
1014;6435;sea;1390;-1;-1;-1;-1;Bungo-Iyo
4186;1825;sea;1390;-1;-1;-1;-1;Aki-Iyo
6455;1024;sea;1980;-1;-1;-1;-1;Sado - Echigo
2159;666;sea;1370;-1;-1;-1;-1;Jiangmen-Hainan
3231;7857;sea;1926;-1;-1;-1;-1;Haapsalu-Hiiumaa
35;3227;sea;1256;-1;-1;-1;-1;Ösel-Piltene
5048;982;sea;1491;-1;-1;-1;-1;Esgigeoag-Unamakik
4891;983;sea;1491;-1;-1;-1;-1;Piktuk-Epekwitk
1050;4658;sea;1379;-1;-1;-1;-1;Deren-Nanghaer
1215;387;sea;1330;-1;-1;-1;-1;Tajura-Mocha
8155;4364;sea;1283;-1;-1;-1;-1;Locahber-Inner Hebrides
253;3286;sea;1283;-1;-1;-1;-1;Outer Hebrides-Skye
253;3296;sea;1283;-1;-1;-1;-1;Outer Hebrides-Uist
3296;3286;sea;1283;-1;-1;-1;-1;Uist-Skye
3286;3137;sea;1283;-1;-1;-1;-1;Skye-Ross
3286;8155;sea;1283;-1;-1;-1;-1;Skye-Lochaber
3283;4364;sea;1283;-1;-1;-1;-1;Islay-Lochaber
3275;3274;sea;1283;-1;-1;-1;-1;Jura-Bute
3275;3283;sea;1283;-1;-1;-1;-1;Jura-Islay
3275;4364;sea;1283;-1;-1;-1;-1;Jura-Isle of Mull
3272;3274;sea;8346;-1;-1;-1;-1;Eilean Arainn-Bute
1021;6446;sea;1391;-1;-1;-1;-1;Awa-Settsu
6446;1820;sea;1391;-1;-1;-1;-1;Awa-Settsu
4193;5686;sea;1387;-1;-1;-1;-1;Oshima-Mutsu
6426;6425;sea;4225;-1;-1;-1;-1;Tokachi-Kurils
6425;1032;sea;4225;-1;-1;-1;-1;Tokachi-Kurils
1199;1201;sea;1448;-1;-1;-1;-1;Bagamoyo-Zanzibar
7038;127;sea;1298;-1;-1;-1;-1;Corsica-Sardinia
394;396;sea;1335;-1;-1;-1;-1;Al Hasa-Bahrain
395;396;sea;1335;-1;-1;-1;-1;Qatar-Bahrain
627;631;sea;1354;-1;-1;-1;-1;Blambangan-Bali
1107;2738;sea;1423;-1;-1;-1;-1;Taranaki-Waitaha
8329;8355;canal;7606;-1;-1;-1;-1;ludwig_canal
8363;8365;canal;1971;-1;-1;-1;-1;don_and_volga_canal
1268;5494;canal;1775;-1;-1;-1;-1;kiel_canal
1548;1515;canal;835;-1;-1;-1;-1;panama_canal
1328;7393;canal;2315;-1;-1;-1;-1;suez_canal
7393;1316;canal;5261;-1;-1;-1;-1;second_suez_canal
2348;318;sea;5493;-1;-1;-1;-1;Scio-Izmir
5506;7912;sea;5493;-1;-1;-1;-1;Samos-Aydin
5506;5562;sea;5493;-1;-1;-1;-1;Samos-Kefalos
5562;5134;sea;5493;-1;-1;-1;-1;Kefalos-Petronium
5562;7822;sea;5493;-1;-1;-1;-1;Kefalos-Marmaris
5562;320;sea;5493;-1;-1;-1;-1;Kefalos-Rhodes
4700;2296;sea;1319;-1;-1;-1;-1;Lesbos-Biga
3195;5375;sea;1319;-1;-1;-1;-1;Lemnos-Imbros
5375;5377;sea;1319;-1;-1;-1;-1;Imbros-Samothraki
5364;7127;sea;1319;-1;-1;-1;-1;Thasos-Kavala
5379;7117;sea;1319;-1;-1;-1;-1;Skiathos-Quluz
3245;2447;sea;1323;-1;-1;-1;-1;Kerch-Mapa
8419;8416;sea;1340;-1;-1;-1;-1;Ramanathapuram-Jaffna
2803;502;sea;1522;-1;-1;-1;-1;Orinoco Delta-Trinidad
631;2693;sea;1355;-1;-1;-1;-1;Bali-Lombok
2693;632;sea;1355;-1;-1;-1;-1;Lombok-Sumbawa
646;647;sea;1401;-1;-1;-1;-1;Ambom-Ceram
2678;622;sea;1361;-1;-1;-1;-1;Banka-Palembang
748;2890;sea;1529;-1;-1;-1;-1;Belem-Marajo
2954;353;sea;1305;-1;-1;-1;-1;Djerba-Tataouine
431;2999;sea;1334;-1;-1;-1;-1;Mogostan-Hormuz
2999;5249;sea;1334;-1;-1;-1;-1;Hormuz-Khasab
7194;4140;sea;8360;-1;-1;-1;-1;Kinburn-Vozia
35;7857;sea;1926;-1;-1;-1;-1;Hiiumaa-Ösel
3231;35;sea;1256;-1;-1;-1;-1;Haapsalu-Ösel
747;2890;sea;1529;-1;-1;-1;-1;Amapa-Marajo
782;2869;sea;1539;-1;-1;-1;-1;Tierra Del Fuego-Florida Blanca
778;2851;sea;1536;-1;-1;-1;-1;Rio de la Plata-Colonia
4993;4995;sea;5462;-1;-1;-1;-1;Naujaat-Shugliaq
4974;5019;sea;1495;-1;-1;-1;-1;Grand Bank-Saint Pierre
5818;4936;sea;1697;-1;-1;-1;-1;Puuwai-Kauai
4936;4935;sea;1697;-1;-1;-1;-1;Kauai-Oahu
4935;5029;sea;1697;-1;-1;-1;-1;Oahu-Molokai
5029;5817;sea;1697;-1;-1;-1;-1;Molokai-Lanai
5817;4934;sea;1697;-1;-1;-1;-1;Lanai-Maui
5029;4934;sea;1697;-1;-1;-1;-1;Molokai-Maui
5817;1240;sea;1697;-1;-1;-1;-1;Maui-Hawaii
5276;2723;sea;1410;-1;-1;-1;-1;Dolok-Yos Sudarso
2719;5132;sea;1405;-1;-1;-1;-1;Madang-Kar Kar
2719;5136;sea;1405;-1;-1;-1;-1;Madang-Umboi
5136;5133;sea;1405;-1;-1;-1;-1;Umboi-Long Island
5136;1236;sea;1405;-1;-1;-1;-1;Umboi-Rabaul
1236;5148;sea;1405;-1;-1;-1;-1;Rabaul-New Ireland
5148;5099;sea;1405;-1;-1;-1;-1;New Ireland-New Hannover
1237;5169;sea;1406;-1;-1;-1;-1;Hanuabada-Normanby
5169;5166;sea;1406;-1;-1;-1;-1;Normanby-Fergusson
5166;5160;sea;1406;-1;-1;-1;-1;Fergusson-Goodenough
5179;5183;sea;1406;-1;-1;-1;-1;Misima-Sudest
5183;5179;sea;1406;-1;-1;-1;-1;Sudest-Rossel
1239;5258;sea;1430;-1;-1;-1;-1;Vanuatu-Malekula
5254;5257;sea;1430;-1;-1;-1;-1;Ambae-Ambrym
5257;5258;sea;1430;-1;-1;-1;-1;Ambrym-Malekula
5257;5259;sea;1430;-1;-1;-1;-1;Ambrym-Epi
5262;5263;sea;1430;-1;-1;-1;-1;Erromango-Tana
5265;5268;sea;1430;-1;-1;-1;-1;Lifou-Mare
1242;4938;sea;1431;-1;-1;-1;-1;Viti-Vanua Levu
4938;5269;sea;1431;-1;-1;-1;-1;Vanua-Taveuni
5269;4937;sea;1431;-1;-1;-1;-1;Taveuni-Lau
1242;5269;sea;1431;-1;-1;-1;-1;Viti-Taveuni
1242;5270;sea;1431;-1;-1;-1;-1;Viti-Kadavu
4937;5275;sea;1431;-1;-1;-1;-1;Lau-Matuku
1238;5202;sea;1432;-1;-1;-1;-1;Bougainville-Choiseul
5202;5204;sea;1432;-1;-1;-1;-1;Choiseul-Vella Lavella
5202;5240;sea;1432;-1;-1;-1;-1;Choiseul-Santa Isabel
5240;5245;sea;1432;-1;-1;-1;-1;Santa Isabel-Nggela
5245;5242;sea;1432;-1;-1;-1;-1;Nggela-Guadalcanal
5245;5247;sea;1432;-1;-1;-1;-1;Nggela-Malaita
5247;5248;sea;1432;-1;-1;-1;-1;Nggela-San Christobal
5204;5234;sea;1432;-1;-1;-1;-1;Vella Lavella-Kolombangara
5234;5236;sea;1432;-1;-1;-1;-1;Kolombangara-New Georgia
5236;5237;sea;1432;-1;-1;-1;-1;New Georgia-Rendova
5236;5238;sea;1432;-1;-1;-1;-1;New Georgia-Vangunu
1088;6199;sea;7352;-1;-1;-1;-1;Wergaia - Barundji
1001;5039;sea;1661;-1;-1;-1;-1;Soto-Manidoowaaling
911;1001;sea;1663;-1;-1;-1;-1;Menominee-Sault
911;5039;sea;1661;-1;-1;-1;-1;Belem-Manidoowaaling
4973;5039;sea;1661;-1;-1;-1;-1;Waanabidebiing-Manidoowaaling
2576;2578;sea;1490;-1;-1;-1;-1;Mingan-Anticosti
985;983;sea;1491;-1;-1;-1;-1;Mikmaq-Epekwitk
366;5096;sea;1471;-1;-1;-1;-1;The Canarias-Tenerife
1983;7613;sea;5494;-1;-1;-1;-1;Lolland-Fehmarn
1983;7612;sea;1258;-1;-1;-1;-1;Lolland-Falster
7612;7610;sea;1258;-1;-1;-1;-1;Falster-Sydsjaeland
7612;7611;sea;1258;-1;-1;-1;-1;Falster-Mon
7613;1775;sea;5494;-1;-1;-1;-1;Fehmarn-Kiel
7614;13;sea;5494;-1;-1;-1;-1;Langeland-Schleswig
7611;7610;sea;1258;-1;-1;-1;-1;Mon-Sydsjaeland
3;3121;sea;1255;-1;-1;-1;-1;Smaland-Kalmar
227;3108;sea;7306;-1;-1;-1;-1;Lisboa-Setubal
8061;8096;sea;7307;-1;-1;-1;-1;Alcantara-Covilha
4700;5131;sea;1319;-1;-1;-1;-1;Lesbos-Ayvalik
741;502;sea;1522;-1;-1;-1;-1;Cumana-Trinidad
741;5579;sea;1520;-1;-1;-1;-1;Cumana-Waikeri
484;4622;sea;1518;-1;-1;-1;-1;Havana-Siwanea
4624;4622;sea;1518;-1;-1;-1;-1;Guanahatabey-Siwanea
2219;5255;sea;1334;-1;-1;-1;-1;Bandar Langeh-Kish
333;4560;sea;1295;-1;-1;-1;-1;The Baleares-Ibiza
333;4559;sea;1300;-1;-1;-1;-1;The Baleares-Menorca
5747;5781;sea;1558;-1;-1;-1;-1;Lummi-Chimakum
2610;5780;sea;1558;-1;-1;-1;-1;Heiltsuk-Sathloot
974;5780;sea;1558;-1;-1;-1;-1;Kwakiutl-Sathloot
974;5733;sea;1558;-1;-1;-1;-1;Kwakiutl-Kwakiutlii
976;5728;sea;1559;-1;-1;-1;-1;Tlingit-Taan
2613;5863;sea;1561;-1;-1;-1;-1;Sitka-Shgagei
2613;5864;sea;1561;-1;-1;-1;-1;Sitka-Xootsnoowu
5727;5864;sea;1561;-1;-1;-1;-1;Taku-Xootsnoowu
874;5807;sea;1558;-1;-1;-1;-1;Salish-Suquamish
5747;5807;sea;1558;-1;-1;-1;-1;Lummi-Suquamish
5731;5732;sea;1559;-1;-1;-1;-1;Heiltsuk-Wuikinuxv
2609;5866;sea;1559;-1;-1;-1;-1;Tsmsyan-Kichxaan
2021;5030;sea;1556;-1;-1;-1;-1;Miwok-Ohlone
5030;5814;sea;1556;-1;-1;-1;-1;Ohlone-Ohloneii
4698;7125;sea;8358;-1;-1;-1;-1;Cephalonia-Lefkada
4698;7126;sea;8358;-1;-1;-1;-1;Cephalonia-Zakynthos
3178;7112;sea;1312;-1;-1;-1;-1;Patras-Naupaktos
142;7140;sea;1311;-1;-1;-1;-1;Corfu-Butrint
142;7132;sea;1311;-1;-1;-1;-1;Corfu-Thesprotia
2296;4779;sea;6360;-1;-1;-1;-1;Biga-Gallipoli
7110;7113;sea;1319;-1;-1;-1;-1;Oreoi-ZetounionBodonitsa
7110;7117;sea;1319;-1;-1;-1;-1;Oreoi-Demetrias
146;5294;sea;5493;-1;-1;-1;-1;Athens-Kithnos
7163;5308;sea;1312;-1;-1;-1;-1;Monemvasia-Kithira
7109;5568;sea;5493;-1;-1;-1;-1;Karystos-Andros
5568;164;sea;5493;-1;-1;-1;-1;Andros-Naxos
5294;5569;sea;5493;-1;-1;-1;-1;Kithnos-Milos
5569;164;sea;5493;-1;-1;-1;-1;Milos-Naxos
5566;164;sea;5493;-1;-1;-1;-1;Thera-Naxos
5564;164;sea;5493;-1;-1;-1;-1;Astypalea-Naxos
4565;5096;sea;1471;-1;-1;-1;-1;Tenerife-GranCanaria
47;4745;sea;1257;-1;-1;-1;-1;Stralsund-Rugen
2994;7816;sea;1257;-1;-1;-1;-1;Wolgast-Usedom
7816;7818;sea;1257;-1;-1;-1;-1;Usedom-Kammin
40;7833;sea;8336;-1;-1;-1;-1;Memel-Sambia
5642;7851;sea;1260;-1;-1;-1;-1;Gdov-Ugandi
7730;7731;sea;8353;-1;-1;-1;-1;Makarska-Brac
136;7731;sea;8353;-1;-1;-1;-1;Spalato-Brac
137;7731;sea;8353;-1;-1;-1;-1;Ragusa-Brac
7734;7735;sea;8353;-1;-1;-1;-1;Senj-Krk
130;7735;sea;8353;-1;-1;-1;-1;Istria-Krk
54;4141;sea;1268;-1;-1;-1;-1;Stade-Dithmarschen
5729;5866;sea;1559;-1;-1;-1;-1;Nisga'a-Kichxaan
5728;5866;sea;1559;-1;-1;-1;-1;Taan-Kichxaan
976;5864;sea;1559;-1;-1;-1;-1;Tlingit-Taan
8633;8635;sea;1400;-1;-1;-1;-1;Moro-Jailolo
8630;8722;sea;1356;-1;-1;-1;-1;Bima-Manggarai
2692;8708;sea;1355;-1;-1;-1;-1;Madura-Gresik
624;8695;sea;1360;-1;-1;-1;-1;Banten-Lampung
2716;4796;sea;1357;-1;-1;-1;-1;Buton-Kendari
1829;6984;sea;1372;-1;-1;-1;-1;Quanzhou-Kinmen
6985;6760;sea;1372;-1;-1;-1;-1;Penghu-Siraya
1821;6868;sea;6717;-1;-1;-1;-1;Nanjing-Pukou
6883;682;sea;6718;-1;-1;-1;-1;Wuhan-Wuchang
665;6912;sea;7282;-1;-1;-1;-1;Jiangmen-Zhaoqing
665;6732;sea;6713;-1;-1;-1;-1;Jiangmen-Zhongshan
6732;6904;sea;6712;-1;-1;-1;-1;Zhongshan-Foshan
1822;6813;sea;7281;-1;-1;-1;-1;Suzhou-Natong
6769;6813;sea;6709;-1;-1;-1;-1;Chongming-Natong
6869;6811;sea;6987;-1;-1;-1;-1;Changzhou-Jianyin
6867;6755;sea;6988;-1;-1;-1;-1;Yangzhou-Taizhou
6841;6840;sea;7280;-1;-1;-1;-1;Yancheng-Xiangshui
6839;6842;sea;6698;-1;-1;-1;-1;Xiaodun-Suqian
688;6770;sea;6720;-1;-1;-1;-1;Kaifeng-Changyuan
692;6800;sea;6716;-1;-1;-1;-1;Huaiqing-Jiyuan
6799;6798;sea;6722;-1;-1;-1;-1;Jincheng-Jiazuo
2137;6780;sea;6993;-1;-1;-1;-1;Daming-Jinzhong
2140;6788;sea;6995;-1;-1;-1;-1;Yanzhou-Anyang
2138;691;sea;6719;-1;-1;-1;-1;Wuding-Jinan
1816;695;sea;6991;-1;-1;-1;-1;Beijing-Tientsin
6779;6773;sea;6715;-1;-1;-1;-1;Boading-Changzhou
6843;6844;sea;6706;-1;-1;-1;-1;Sihong-Huaibei
6796;6771;sea;6997;-1;-1;-1;-1;Yuanyang-Yanjin
684;6891;sea;6730;-1;-1;-1;-1;Hangzhou-Zhuji
684;6808;sea;6987;-1;-1;-1;-1;Hangzhou-Tongxiang
6808;6890;sea;6729;-1;-1;-1;-1;Tongxiang-Xiaoshan
6890;2148;sea;6729;-1;-1;-1;-1;Xiaoshan-Shaoxin
2148;2149;sea;6986;-1;-1;-1;-1;Shaoxin-Ningbo
6890;6893;sea;6986;-1;-1;-1;-1;Xiaoshan-Jinhua
2149;6807;sea;7402;-1;-1;-1;-1;Ningbo-Zhoushan
6807;6889;sea;7402;-1;-1;-1;-1;Zhoushan-Jiaxing
686;6873;sea;6725;-1;-1;-1;-1;Anqing-Pengze
1838;6806;sea;6717;-1;-1;-1;-1;Hefei-Wuhu
6806;1821;sea;6728;-1;-1;-1;-1;Wuhu-Nanjing
6870;1822;sea;1895;-1;-1;-1;-1;Wuxi-Suzhou
2141;6796;sea;6990;-1;-1;-1;-1;Xuzhou-Yuanyang
6865;6843;sea;6706;-1;-1;-1;-1;Xuyi-Sihong
6846;6802;sea;6706;-1;-1;-1;-1;Mengjin-Jili
7162;8555;sea;1393;-1;-1;-1;-1;Orchid-Paiwan
7189;4356;sea;7887;-1;-1;-1;-1;Calamian-Taytay
7185;7189;sea;4357;-1;-1;-1;-1;Agutuya-Cuyo-Calamian
2699;8294;sea;1397;-1;-1;-1;-1;Bikol-Lawan
654;4353;sea;1397;-1;-1;-1;-1;Samar-Leyte
4352;8713;sea;1397;-1;-1;-1;-1;Cebu-Leyte
4354;8720;sea;1398;-1;-1;-1;-1;Zamboanga-Taguima
8721;651;sea;1398;-1;-1;-1;-1;Tawi Tawi-Sulu
651;8720;sea;1398;-1;-1;-1;-1;Sulu-Taguima
2686;8649;sea;1361;-1;-1;-1;-1;Bintan-Singapura
4815;8649;sea;1361;-1;-1;-1;-1;Johor-Singapura
8297;8714;sea;1397;-1;-1;-1;-1;Dagit-Subanen
4352;4353;sea;1397;-1;-1;-1;-1;Cebu-Leyte
2699;8716;sea;1397;-1;-1;-1;-1;Bikol-Masbate
8267;7161;sea;1393;-1;-1;-1;-1;Babuyan-Batanes
8267;658;sea;1393;-1;-1;-1;-1;Babuyan-Cagayan
8284;8280;sea;4358;-1;-1;-1;-1;Polillo-Kalilayan
8288;8286;sea;4358;-1;-1;-1;-1;Catanduanes-Iraya
8289;8280;sea;1397;-1;-1;-1;-1;Marinduque-Kalilayan
8283;4350;sea;7885;-1;-1;-1;-1;Batangas-Mindoro
8290;8712;sea;1397;-1;-1;-1;-1;Pinamalayan-Romblon
8712;8292;sea;1397;-1;-1;-1;-1;Romblon-Aklan
2700;8716;sea;1397;-1;-1;-1;-1;Panay-Masbate
2700;7184;sea;1397;-1;-1;-1;-1;Panay-Guimaras
7184;4351;sea;1397;-1;-1;-1;-1;Guimaras-Buglas
8297;4352;sea;1397;-1;-1;-1;-1;Dagit-Cebu
7182;8297;sea;1397;-1;-1;-1;-1;Siquijor-Dagit
7181;7167;sea;1397;-1;-1;-1;-1;Camiguin-Himologan
8296;8298;sea;1402;-1;-1;-1;-1;Mairete-Dinagat
8298;8299;sea;1402;-1;-1;-1;-1;Dinagat-Suligao
7160;8299;sea;1402;-1;-1;-1;-1;Siargao-Suligao
650;8544;sea;1400;-1;-1;-1;-1;Tidore-Weda
112;6930;sea;8342;-1;-1;-1;-1;Venezia-Murano
8164;3009;sea;1285;-1;-1;-1;-1;Wexford-Waterford
242;8138;sea;1284;-1;-1;-1;-1;Carnarvonshire-Anglesey
248;8150;sea;1280;-1;-1;-1;-1;Lothian-Fife
502;5581;sea;1522;-1;-1;-1;-1;Trinidad-Tobago
5582;500;sea;1522;-1;-1;-1;-1;Grenada-St Vincent
500;499;sea;1522;-1;-1;-1;-1;St Vincent-St Lucia
499;498;sea;1522;-1;-1;-1;-1;St Lucia-Martinique
498;497;sea;1523;-1;-1;-1;-1;Martinique-Dominica
497;496;sea;1523;-1;-1;-1;-1;Dominica-Guadelope
496;5583;sea;1523;-1;-1;-1;-1;Guadelope-Monserrat
5583;494;sea;1523;-1;-1;-1;-1;Monserrat-St Kitts
5583;495;sea;1523;-1;-1;-1;-1;Monserrat-Antigua & Barbuda
494;5586;sea;1523;-1;-1;-1;-1;St Kitts-St Martin
5586;5585;sea;1523;-1;-1;-1;-1;St Martin-St Barthelemy
5585;1881;sea;1523;-1;-1;-1;-1;St Barthelemy-Anguilla
1881;5586;sea;1523;-1;-1;-1;-1;Anguilla-St Martin
5584;493;sea;6087;-1;-1;-1;-1;St Croix-St Thomas
492;5584;sea;6086;-1;-1;-1;-1;Puerto Rico-St Croix
5920;965;sea;7356;-1;-1;-1;-1;Long Island-Manhattan
5921;2639;sea;5929;-1;-1;-1;-1;Statten Island-Raritan
6006;6003;sea;1505;-1;-1;-1;-1;Florida Keys-Sowena
6011;6012;sea;1502;-1;-1;-1;-1;Grand Bahama-Great Abaco
6012;6013;sea;1503;-1;-1;-1;-1;Great Abaco-Eleuthera
482;6013;sea;1503;-1;-1;-1;-1;Bahama-Eleuthera
6010;482;sea;1503;-1;-1;-1;-1;Andros-Bahama
6010;6012;sea;1503;-1;-1;-1;-1;Andros-Great Abaco
6013;6014;sea;1503;-1;-1;-1;-1;Eleuthera-Cat Island
6014;5575;sea;1503;-1;-1;-1;-1;Cat Island-Yuma
5575;6015;sea;1503;-1;-1;-1;-1;Yuma-Great Exuma
5575;6016;sea;1503;-1;-1;-1;-1;Yuma-Rum-Cay Island
6016;5574;sea;1503;-1;-1;-1;-1;Rum Cay-Guanahani
5575;6017;sea;1525;-1;-1;-1;-1;Yuma-Crooked Island
6017;5576;sea;1524;-1;-1;-1;-1;Crooked Island-Mayaguana
5577;483;sea;6088;-1;-1;-1;-1;Inagua-Turks & Caicos
5577;5576;sea;6088;-1;-1;-1;-1;Inagua-Acklins
5578;2808;sea;1519;-1;-1;-1;-1;Aruba-Coro
491;2808;sea;1519;-1;-1;-1;-1;Curacao-Coro
2807;830;sea;1519;-1;-1;-1;-1;Altagracia-Maracaibo
134;7672;sea;3012;-1;-1;-1;-1;Wein-Donaustadt
133;4761;sea;3013;-1;-1;-1;-1;Linz-Traungau
7591;4711;sea;8355;-1;-1;-1;-1;Altenmuhr-Donauworth
6560;1233;sea;5301;-1;-1;-1;-1;Said-Kharga
1233;6563;sea;5301;-1;-1;-1;-1;Kharga-Esna
6643;6604;sea;5301;-1;-1;-1;-1;Cara-Ezbet
5273;2318;sea;5301;-1;-1;-1;-1;Siwa-Bahariya
2318;6565;sea;5301;-1;-1;-1;-1;Bahariya-Abu Minqar
6565;6559;sea;5301;-1;-1;-1;-1;Abu Minqar-Mut
6559;1233;sea;5301;-1;-1;-1;-1;Mut-Kharga
893;5993;sea;7336;-1;-1;-1;-1;Chitimacha-Huoma
2529;4885;sea;7337;-1;-1;-1;-1;Natchez-Avoyel
919;4923;sea;7337;-1;-1;-1;-1;Chickasha-Pacaha
917;900;sea;7413;-1;-1;-1;-1;Cahokia-Tamaroa
5924;963;sea;5927;-1;-1;-1;-1;U-puku-ipi-sing-Machkantowoon
965;5922;sea;7339;-1;-1;-1;-1;Manahattan-Pomperaug
5984;2010;sea;5985;-1;-1;-1;-1;Nowashe-Saukiog
5976;5977;sea;6022;-1;-1;-1;-1;Shawhomett-Aquidnett
5937;956;sea;5930;-1;-1;-1;-1;Unalachtigo-Sakimauchheening
5937;957;sea;5931;-1;-1;-1;-1;Unalachtigo-Wicontiss
5973;2554;sea;5941;-1;-1;-1;-1;Conestoga-Nentego
5975;950;sea;7414;-1;-1;-1;-1;Gingoteague-Chesapeake
953;5956;sea;5943;-1;-1;-1;-1;Moyaons-Anacostia
5958;6020;sea;5944;-1;-1;-1;-1;Piscataway-Moraughticund
6020;6039;sea;5945;-1;-1;-1;-1;Moraughticund-Werowocomoco
6039;5952;sea;5946;-1;-1;-1;-1;Werowocomoco-Kecoughtan
5952;950;sea;5950;-1;-1;-1;-1;Kecoughtan-Chesapeake
5959;5960;sea;7415;-1;-1;-1;-1;Pashquotank-Chocowinity
2547;938;sea;5968;-1;-1;-1;-1;Roanoke-Pomouik
6105;2934;sea;6155;-1;-1;-1;-1;Iranduba-Manaos
6105;6115;sea;6165;-1;-1;-1;-1;Iranduba-Autazes
6092;6115;sea;7331;-1;-1;-1;-1;Beruri-Cuina_ou_cuiu_ana
6095;6099;sea;6164;-1;-1;-1;-1;Tefe-Santo_Antonio_d_ica
6099;6103;sea;6154;-1;-1;-1;-1;Santo_Antonio_d_ica-Codajas
6102;6100;sea;6153;-1;-1;-1;-1;Villa_Bittencourt-Japura
6097;6098;sea;6162;-1;-1;-1;-1;Amatura-Belem_do_Solemoes
6110;6107;sea;6156;-1;-1;-1;-1;Santa_Isabel_do_Rio_Negro-Barcelos
6090;6112;sea;6157;-1;-1;-1;-1;Humaita-Manicore
2934;6114;sea;6166;-1;-1;-1;-1;Manaos-Borba
6117;2930;sea;6167;-1;-1;-1;-1;Obidos-Tupaius
2930;6116;sea;6161;-1;-1;-1;-1;Tupaius-Santarem
6124;6125;sea;6152;-1;-1;-1;-1;Jacareacanga-Trairao
6119;2935;sea;7324;-1;-1;-1;-1;Altamira-Muturu
6119;6120;sea;7325;-1;-1;-1;-1;Altamira-Sen_Jose_Porfirio
2929;2928;sea;6168;-1;-1;-1;-1;Para-Tucurui
2805;742;sea;7335;-1;-1;-1;-1;Uyapari-Angostura
6603;6954;sea;1795;2994;1434;2998;1377;Jalu-Tazirbu
6954;6955;sea;6671;2999;1372;3003;1358;Tazirbu-Buzaymah
6955;6958;sea;6671;3004;1359;3014;1350;Buzaymah-Al-Jawf
4270;2328;sea;8738;-1;-1;-1;-1;Maan-Tayma
380;7458;sea;8738;-1;-1;-1;-1;Kerak-Al-Qurayyat
7458;4272;sea;8739;3221;1513;3225;1510;Al-Qurayyat-Jawf
2328;4272;sea;8739;3231;1496;3236;1496;Tayma-Jawf
383;4272;sea;8739;3252;1462;3258;1464;Tabuk-Jawf
4272;7459;sea;8739;3266;1490;3266;1494;Jawf-Sakaka
7459;2338;sea;8739;3316;1481;3318;1475;Sakaka-Batin
4272;393;sea;8739;3278;1457;3284;1455;Jawf-Jabal Shammar
5231;393;sea;8739;-1;-1;3247;1438;Dedan-Jabal Shammar
4273;5232;sea;8739;-1;-1;-1;-1;Khaybar-Ghazalah
5232;4276;sea;8739;-1;-1;-1;-1;Ghazalah-Otaibah
4276;2332;sea;8739;-1;-1;-1;-1;Otaibah-Truba
4276;2337;sea;8739;-1;-1;-1;-1;Otaibah-Qassim
393;2337;sea;8739;3310;1441;3314;1440;Jabal Shammar-Qassim
2337;2338;sea;8739;3335;1454;3346;1456;Qassim-Batin
4276;4274;sea;8739;-1;-1;-1;-1;Otaibah-Sudayr
2336;2332;sea;8739;-1;-1;-1;-1;Washm-Truba
2337;5256;sea;8739;3360;1443;3372;1443;Qassim-Summan
4274;5256;sea;8739;-1;-1;-1;-1;Sudayr-Summan
2339;7461;sea;1779;3439;1364;3452;1370;Yabrin-Batha
2335;2332;sea;8739;-1;-1;-1;-1;Dawasir-Truba
391;2335;sea;1779;-1;-1;3340;1293;Najran-Dawasir
2457;2472;sea;1794;-1;-1;-1;-1;Mzab-Ouargla
2472;2456;sea;1794;-1;-1;-1;-1;Ouargla-Touggourt
2472;4567;sea;1794;-1;-1;-1;-1;Ouargla-Ghadames
6146;413;sea;4170;-1;-1;-1;-1;Arak-Khorramabad
6922;605;sea;7397;-1;-1;-1;-1;Ben tre-Pray Nokor
6922;6915;sea;7397;-1;-1;-1;-1;Ben tre-Mo Cay
6915;2376;sea;7397;-1;-1;-1;-1;Mo Cay-Pek Russey
8624;6917;sea;7397;-1;-1;-1;-1;Mort Chrouk-Long Xuyen
8624;6919;sea;7397;-1;-1;-1;-1;Mort Chrouk-Cao Lanh
604;2380;sea;7397;-1;-1;-1;-1;Oudong-Chaktomuk
604;6914;sea;5227;-1;-1;-1;-1;Oudong-Roka Ar
6914;8683;sea;7283;-1;-1;-1;-1;Roka Ar-Shrey Santhor
4828;1823;sea;7283;-1;-1;-1;-1;Preah Vihear-Stung Treng
8587;8588;sea;7396;-1;-1;-1;-1;Ubon-Salavan
8728;611;sea;7396;-1;-1;-1;-1;That Phanom-Sikhottabong
613;8658;sea;5201;-1;-1;-1;-1;Dong Kinh-Thai Nguyen
8597;2372;sea;5200;-1;-1;-1;-1;Son Nam-Hai Phong
6633;5548;sea;7297;-1;-1;-1;-1;Rawa-Al-Jibab
6634;409;sea;6647;-1;-1;-1;-1;Fallujah-Karbala
6625;409;sea;7294;-1;-1;-1;-1;Hillah-Karbala
4288;6615;sea;6646;-1;-1;-1;-1;Shatt-Nasiriyah
2312;6620;sea;6646;-1;-1;-1;-1;Wassi-Ash Sharqi
6618;408;sea;7295;-1;-1;-1;-1;Al Qurnah-Basrah
408;6611;sea;7295;-1;-1;-1;-1;Basrah-Babiyan
6610;6611;sea;7295;-1;-1;-1;-1;Abdali-Babiyan
6552;2320;sea;1328;-1;-1;-1;-1;Sharm-Ras Gharib
6552;2327;sea;1328;-1;-1;-1;-1;Sharm-Gayal
320;7822;sea;5493;-1;-1;-1;-1;Rhodes-Marmaris
2319;6499;sea;6592;-1;-1;-1;-1;Asyut-Abnub
6576;6501;sea;6593;-1;-1;-1;-1;Farshut-Qena
6563;4319;sea;6593;-1;-1;-1;-1;Esna-Thebes
5278;3043;sea;6584;-1;-1;-1;-1;Korosko-Dehmit
2322;3043;sea;6584;-1;-1;-1;-1;Faras-Dehmit
6506;5277;sea;6594;-1;-1;-1;-1;Murshid-Semna
6580;6581;sea;7388;-1;-1;-1;-1;Goled-Kerma
6509;5281;sea;6578;-1;-1;-1;-1;Merowe-Karima
6511;5284;sea;6597;-1;-1;-1;-1;Albawga-Abara
6512;5285;sea;6599;-1;-1;-1;-1;Wad-Hamid-Omdurman
1222;6514;sea;8340;-1;-1;-1;-1;Dewaim-Musa
6589;6590;sea;6600;-1;-1;-1;-1;Kaka-Melut
7381;5717;sea;1467;-1;-1;-1;-1;Bonthe-Matru
6579;6672;sea;8402;-1;-1;-1;-1;Kawa-Kunuz
6579;6504;sea;8402;-1;-1;-1;-1;Kawa-WadiHalfa
5280;5302;sea;8403;-1;-1;-1;-1;Hadendoa-AbuHameb
1780;1073;sea;8375;-1;-1;-1;-1;Komi-Berezhov
2427;1073;sea;8375;-1;-1;-1;-1;Ostyaki-Berezhov
1888;5486;sea;2426;-1;-1;-1;-1;Kara Sea-Kara Sea
4477;4476;sea;7288;-1;-1;-1;-1;Calcutta-Nadia
564;4475;sea;7287;-1;-1;-1;-1;Dhaka-Fathabad
4831;6939;sea;7284;-1;-1;-1;-1;Bangkok-Bang Na
4831;8556;sea;7284;-1;-1;-1;-1;Nakhon-Pathom
8567;4832;sea;7284;-1;-1;-1;-1;Sing Buri-Lavo
8567;4834;sea;7284;-1;-1;-1;-1;Sing Buri-Suphanburi
8103;7023;sea;7307;-1;-1;-1;-1;Abrantes-Rossio ao Sul do Tejo
3044;5298;sea;4333;-1;-1;-1;-1;Dahlak-Zula
5181;7450;sea;6548;-1;-1;-1;-1;Nekhel-Eilat
5181;6550;sea;6548;-1;-1;-1;-1;Nekhel-Firan
5181;6547;sea;6548;-1;-1;-1;-1;Nekhel-Abu Zenima
7018;224;sea;8337;-1;-1;-1;-1;El Rocio-Sevilla
5291;7107;sea;5493;-1;-1;-1;-1;Karpathos-Sitia
7126;1773;sea;8358;-1;-1;-1;-1;Zakynthos-Elis
405;4297;sea;3989;-1;-1;-1;-1;Tadmor-Beqaa
405;3990;sea;3989;-1;-1;-1;-1;Tadmor-Al Sukhnah
405;7456;sea;3989;-1;-1;-1;-1;Tadmor-Al Bukamal
3990;3988;sea;3989;-1;-1;-1;-1;Al Sukhnah-Resafa
7456;7457;sea;3989;-1;-1;-1;-1;Al Bukamal-Safawi
7457;381;sea;8738;-1;-1;-1;-1;Safawi-Ajloun
3964;381;sea;3980;-1;-1;-1;-1;Azraq-Ajloun
7455;5548;sea;2334;-1;-1;-1;-1;Rutba-Al Jibab
7455;3963;sea;2334;-1;-1;-1;-1;Rutba-Kasrah
3963;409;sea;2334;-1;-1;-1;-1;Kasrah-Karbala

-1;-1;;-1;-1;-1;-1;-1;-1;
